day_type,total_units_sold,days_count,avg_daily_units_sales
Weekday,34491629.7763,59699,577.7589201879429
Weekend,19176099.836,23907,802.1123451708704
